,Supplier_Lead_Time,Inventory_Levels,Order_Frequency,Delivery_Performance,Cost_Per_Unit
Supplier_Lead_Time,1.0,0.47088117358866655,-0.8957459500682757,-0.9149547902108233,0.962445236022463
Inventory_Levels,0.47088117358866655,1.0,-0.5184037577531372,-0.4032712748608756,0.45952723332064743
Order_Frequency,-0.8957459500682757,-0.5184037577531372,1.0,0.8035985083659359,-0.8554914829265737
Delivery_Performance,-0.9149547902108233,-0.4032712748608756,0.8035985083659359,1.0,-0.9289457966445334
Cost_Per_Unit,0.962445236022463,0.45952723332064743,-0.8554914829265737,-0.9289457966445334,1.0
